country_name,country_text_id,e_regiongeo,year,v2x_polyarchy,v2x_libdem,v2x_partipdem,v2x_delibdem,v2x_egaldem
Germany,DEU,1,1900,0.243,0.221,0.166,0.191,0.185
Germany,DEU,1,1901,0.242,0.222,0.167,0.19,0.176
Germany,DEU,1,1902,0.25,0.222,0.168,0.171,0.172
Germany,DEU,1,1903,0.245,0.219,0.169,0.177,0.171
Germany,DEU,1,1904,0.256,0.216,0.178,0.183,0.172
Germany,DEU,1,1905,0.253,0.21,0.176,0.181,0.172
Germany,DEU,1,1906,0.24,0.212,0.164,0.175,0.173
Germany,DEU,1,1907,0.256,0.227,0.167,0.18,0.174
Germany,DEU,1,1908,0.243,0.217,0.16,0.173,0.17
Germany,DEU,1,1909,0.249,0.215,0.179,0.177,0.188
Germany,DEU,1,1910,0.23,0.204,0.173,0.173,0.178
Germany,DEU,1,1911,0.246,0.222,0.181,0.178,0.179
Germany,DEU,1,1912,0.26,0.212,0.174,0.182,0.195
Germany,DEU,1,1913,0.258,0.222,0.179,0.182,0.195
Germany,DEU,1,1914,0.251,0.219,0.162,0.183,0.191
Germany,DEU,1,1915,0.244,0.212,0.155,0.155,0.183
Germany,DEU,1,1916,0.246,0.212,0.158,0.157,0.184
Germany,DEU,1,1917,0.254,0.209,0.17,0.175,0.189
Germany,DEU,1,1918,0.252,0.208,0.17,0.19,0.188
Germany,DEU,1,1919,0.435,0.329,0.266,0.291,0.321
Germany,DEU,1,1920,0.628,0.495,0.413,0.489,0.48
Germany,DEU,1,1921,0.609,0.5,0.405,0.491,0.469
Germany,DEU,1,1922,0.612,0.505,0.406,0.496,0.468
Germany,DEU,1,1923,0.615,0.502,0.406,0.506,0.467
Germany,DEU,1,1924,0.619,0.486,0.404,0.494,0.46
Germany,DEU,1,1925,0.64,0.487,0.408,0.517,0.475
Germany,DEU,1,1926,0.605,0.465,0.428,0.51,0.441
Germany,DEU,1,1927,0.605,0.465,0.428,0.51,0.441
Germany,DEU,1,1928,0.584,0.452,0.394,0.483,0.434
Germany,DEU,1,1929,0.566,0.447,0.384,0.47,0.424
Germany,DEU,1,1930,0.564,0.43,0.384,0.441,0.427
Germany,DEU,1,1931,0.593,0.472,0.405,0.451,0.419
Germany,DEU,1,1932,0.563,0.43,0.377,0.436,0.407
Germany,DEU,1,1933,0.312,0.089,0.198,0.094,0.226
Germany,DEU,1,1934,0.111,0.021,0.044,0.018,0.12
Germany,DEU,1,1935,0.074,0.017,0.038,0.018,0.112
Germany,DEU,1,1936,0.091,0.017,0.041,0.02,0.115
Germany,DEU,1,1937,0.073,0.015,0.038,0.018,0.112
Germany,DEU,1,1938,0.084,0.018,0.04,0.019,0.114
Germany,DEU,1,1939,0.074,0.015,0.039,0.018,0.118
Germany,DEU,1,1940,0.074,0.013,0.039,0.018,0.118
Germany,DEU,1,1941,0.074,0.013,0.039,0.018,0.118
Germany,DEU,1,1942,0.074,0.013,0.039,0.018,0.118
Germany,DEU,1,1943,0.073,0.013,0.038,0.018,0.122
Germany,DEU,1,1944,0.073,0.013,0.037,0.018,0.122
Germany,DEU,1,1949,0.796,0.746,0.541,0.721,0.67
Germany,DEU,1,1950,0.831,0.777,0.583,0.736,0.703
Germany,DEU,1,1951,0.831,0.779,0.583,0.736,0.703
Germany,DEU,1,1952,0.773,0.717,0.535,0.686,0.639
Germany,DEU,1,1953,0.797,0.74,0.553,0.71,0.683
Germany,DEU,1,1954,0.81,0.758,0.562,0.731,0.693
Germany,DEU,1,1955,0.81,0.758,0.562,0.731,0.693
Germany,DEU,1,1956,0.803,0.745,0.562,0.721,0.684
Germany,DEU,1,1957,0.808,0.751,0.565,0.726,0.69
Germany,DEU,1,1958,0.845,0.786,0.589,0.746,0.717
Germany,DEU,1,1959,0.844,0.786,0.586,0.754,0.718
Germany,DEU,1,1960,0.858,0.8,0.597,0.772,0.725
Germany,DEU,1,1961,0.838,0.784,0.583,0.765,0.714
Germany,DEU,1,1962,0.834,0.784,0.578,0.761,0.716
Germany,DEU,1,1963,0.838,0.787,0.584,0.769,0.718
Germany,DEU,1,1964,0.838,0.787,0.584,0.769,0.718
Germany,DEU,1,1965,0.838,0.789,0.583,0.769,0.717
Germany,DEU,1,1966,0.845,0.795,0.587,0.768,0.731
Germany,DEU,1,1967,0.845,0.795,0.587,0.768,0.731
Germany,DEU,1,1968,0.842,0.785,0.596,0.776,0.739
Germany,DEU,1,1969,0.842,0.785,0.599,0.803,0.759
Germany,DEU,1,1970,0.896,0.847,0.643,0.86,0.833
Germany,DEU,1,1971,0.895,0.847,0.64,0.85,0.826
Germany,DEU,1,1972,0.894,0.845,0.639,0.85,0.826
Germany,DEU,1,1973,0.89,0.839,0.638,0.85,0.825
Germany,DEU,1,1974,0.89,0.839,0.638,0.85,0.825
Germany,DEU,1,1975,0.892,0.837,0.637,0.853,0.826
Germany,DEU,1,1976,0.881,0.828,0.632,0.839,0.82
Germany,DEU,1,1977,0.844,0.786,0.603,0.801,0.777
Germany,DEU,1,1978,0.837,0.78,0.594,0.793,0.772
Germany,DEU,1,1979,0.851,0.793,0.607,0.804,0.783
Germany,DEU,1,1980,0.863,0.805,0.622,0.821,0.793
Germany,DEU,1,1981,0.888,0.841,0.644,0.845,0.815
Germany,DEU,1,1982,0.889,0.841,0.644,0.85,0.809
Germany,DEU,1,1983,0.868,0.816,0.625,0.823,0.787
Germany,DEU,1,1984,0.864,0.811,0.621,0.819,0.783
Germany,DEU,1,1985,0.864,0.811,0.621,0.819,0.783
Germany,DEU,1,1986,0.864,0.811,0.621,0.819,0.783
Germany,DEU,1,1987,0.895,0.845,0.649,0.847,0.82
Germany,DEU,1,1988,0.89,0.839,0.645,0.844,0.818
Germany,DEU,1,1989,0.89,0.835,0.644,0.842,0.816
Germany,DEU,1,1990,0.891,0.838,0.645,0.847,0.817
